model,turn,avg_reward
Qwen/Qwen2.5-3B-Instruct,1,0.19305557012557983,0.375,0.375,0.75,0.125,0.125,0.625,0.125,0.125,1.0,0.125,0.125,0.75,0.25,0.25,0.875,0.0,0.0,1.0,0.0,0.0,1.0,0.75,0.75,0.875,0.125,0.125,0.75
Qwen/Qwen2.5-3B-Instruct,2,0.20694443583488464,0.375,0.375,1.125,0.125,0.125,0.625,0.5,0.5,1.75,0.25,0.25,1.125,0.375,0.375,1.125,0.0,0.0,2.0,0.0,0.0,2.0,0.75,0.75,1.0,0.375,0.375,1.5
Qwen/Qwen2.5-3B-Instruct,4,0.1856481432914734,0.5,0.5,2.25,0.125,0.125,1.25,0.375,0.375,3.375,0.25,0.25,1.625,0.625,0.625,2.0,0.0,0.0,4.0,0.0,0.0,4.0,1.0,1.0,1.125,0.25,0.25,2.0
Qwen/Qwen2.5-3B-Instruct,6,0.09837962687015533,0.625,0.625,1.5,0.25,0.25,2.5,0.5,0.5,3.5,0.25,0.25,1.875,0.75,0.75,2.375,0.0,0.0,5.0,0.0,0.0,5.0,0.625,0.625,0.875,0.125,0.125,3.25
Qwen/Qwen2.5-3B-Instruct,8,0.12314813584089279,0.625,0.625,2.125,0.25,0.25,2.5,0.25,0.25,4.25,0.25,0.25,2.625,0.625,0.625,2.875,0.125,0.125,4.5,0.0,0.0,5.0,0.75,0.75,0.875,0.25,0.25,1.625
Qwen/Qwen2.5-3B-Instruct,10,0.10954861342906952,0.875,0.875,1.0,0.125,0.125,3.25,0.625,0.625,3.5,0.125,0.125,1.75,0.5,0.5,2.75,0.0,0.0,5.0,0.0,0.0,5.0,0.75,0.75,1.375,0.25,0.25,2.125
