model,avg_reward
LichengLiu03/Qwen2.5-3B-UFO,0.2689815163612366,0.75,0.75,1.625,0.375,0.375,0.625,1.0,1.0,1.125,0.125,0.125,2.125,0.5,0.5,2.875,0.375,0.375,3.75,0.0,0.0,5.0,0.75,0.75,2.0,0.25,0.25,2.0
LichengLiu03/Qwen2.5-3B-UFO-1turn,0.18449074029922485,0.625,0.625,1.25,0.25,0.25,0.375,0.875,0.875,1.5,0.25,0.25,0.75,0.5,0.5,1.5,0.125,0.125,1.375,0.0,0.0,4.375,0.75,0.75,1.375,0.375,0.375,2.5
